id,AveragePrice
0,1.84
1,1.60
2,1.26
3,1.55
4,1.44
5,1.01
6,1.91
7,1.81
8,0.84
9,1.57
10,1.24
11,1.59
12,0.82
13,1.98
14,1.71
15,1.54
16,0.97
17,1.11
18,1.27
19,1.26
20,2.01
21,0.88
22,1.83
23,1.25
24,1.51
25,1.65
26,1.55
27,1.54
28,0.93
29,1.10
30,0.98
31,1.17
32,1.16
33,1.45
34,1.65
35,1.40
36,1.42
37,1.09
38,0.64
39,1.60
40,1.74
41,1.28
42,1.91
43,1.53
44,1.75
45,1.10
46,1.51
47,0.94
48,1.90
49,1.00
50,0.80
51,0.81
52,1.15
53,0.99
54,1.63
55,1.86
56,2.07
57,1.57
58,1.16
59,1.46
60,1.34
61,1.06
62,1.41
63,1.00
64,1.34
65,1.56
66,1.18
67,0.84
68,1.42
69,1.01
70,1.26
71,1.10
72,1.74
73,1.45
74,1.52
75,1.88
76,1.12
77,1.73
78,1.16
79,0.76
80,1.19
81,1.99
82,1.17
83,1.30
84,1.61
85,2.35
86,1.23
87,1.59
88,1.81
89,1.26
90,1.44
91,0.89
92,1.68
93,0.91
94,1.80
95,1.71
96,1.59
97,1.76
98,1.10
99,1.34
100,2.30
101,1.51
102,1.04
103,1.78
104,1.61
105,1.27
106,1.02
107,1.13
108,1.50
109,1.05
110,1.30
111,1.55
112,1.57
113,1.49
114,1.06
115,1.11
116,1.79
117,1.58
118,1.40
119,1.76
120,1.43
121,1.22
122,1.03
123,1.29
124,1.72
125,1.46
126,1.31
127,0.94
128,1.85
129,0.88
130,1.27
131,1.15
132,1.54
133,1.11
134,0.96
135,1.07
136,1.68
137,1.55
138,2.38
139,0.87
140,1.13
141,1.83
142,1.75
143,1.85
144,0.95
145,0.78
146,1.33
147,1.86
148,1.22
149,1.41
150,1.57
151,0.87
152,1.52
153,1.38
154,1.60
155,0.99
156,1.46
157,1.18
158,1.83
159,1.66
160,1.40
161,1.66
162,1.12
163,0.80
164,1.91
165,1.06
166,1.75
167,1.72
168,1.28
169,0.74
170,1.85
171,1.06
172,0.98
173,1.44
174,1.31
175,1.59
176,1.53
177,1.96
178,0.97
179,1.76
180,1.19
181,1.86
182,1.15
183,1.10
184,1.51
185,1.26
186,1.62
187,1.77
188,1.49
189,1.18
190,1.22
191,1.19
192,1.11
193,2.05
194,1.10
195,1.70
196,0.87
197,1.50
198,1.33
199,1.63
200,1.73
201,1.44
202,1.81
203,1.45
204,1.10
205,0.91
206,1.68
207,1.59
208,0.98
209,1.02
210,1.85
211,1.68
212,0.53
213,1.68
214,1.62
215,1.86
216,1.10
217,1.14
218,1.97
219,1.04
220,1.33
221,1.06
222,1.22
223,0.96
224,1.27
225,1.25
226,1.63
227,1.56
228,1.61
229,1.72
230,1.35
231,1.66
232,1.36
233,1.66
234,1.18
235,1.33
236,0.89
237,1.62
238,1.36
239,2.07
240,1.11
241,1.83
242,1.41
243,1.90
244,1.79
245,1.99
246,1.50
247,1.00
248,1.11
249,1.43
250,1.17
251,1.73
252,1.73
253,1.12
254,0.69
255,1.13
256,1.42
257,1.16
258,1.09
259,1.37
260,1.49
261,1.46
262,1.46
263,1.02
264,1.90
265,2.13
266,0.97
267,2.38
268,1.71
269,1.61
270,1.12
271,1.45
272,0.98
273,1.74
274,1.62
275,1.53
276,0.99
277,1.42
278,1.85
279,1.49
280,1.01
281,1.66
282,1.81
283,1.30
284,1.55
285,1.44
286,1.64
287,1.02
288,1.47
289,1.42
290,1.61
291,1.72
292,1.54
293,2.22
294,1.85
295,1.80
296,1.03
297,1.87
298,1.16
299,1.17
300,0.95
301,1.62
302,1.04
303,2.07
304,1.80
305,1.40
306,1.79
307,1.56
308,1.11
309,0.87
310,0.94
311,1.55
312,1.52
313,1.58
314,1.28
315,1.41
316,1.21
317,1.73
318,1.84
319,1.21
320,1.91
321,1.09
322,1.77
323,1.32
324,1.09
325,1.06
326,1.15
327,1.74
328,1.61
329,1.71
330,1.75
331,1.19
332,1.42
333,1.00
334,1.55
335,2.69
336,1.53
337,1.16
338,1.30
339,1.20
340,1.06
341,1.10
342,1.48
343,0.77
344,1.62
345,2.10
346,1.84
347,1.35
348,0.96
349,1.33
350,0.92
351,1.47
352,1.41
353,1.72
354,1.15
355,1.76
356,1.50
357,1.93
358,2.54
359,0.81
360,1.32
361,1.62
362,1.72
363,1.13
364,1.19
365,1.76
366,1.16
367,1.19
368,1.14
369,1.12
370,1.34
371,1.51
372,1.81
373,1.23
374,2.06
375,1.13
376,1.49
377,1.44
378,1.58
379,1.26
380,0.96
381,1.29
382,0.78
383,1.42
384,1.14
385,1.48
386,1.04
387,1.82
388,1.62
389,1.54
390,1.59
391,1.39
392,1.02
393,0.81
394,1.12
395,1.22
396,1.50
397,1.37
398,1.65
399,1.33
400,1.08
401,1.05
402,1.08
403,1.31
404,1.98
405,1.33
406,1.12
407,1.20
408,1.52
409,1.75
410,0.90
411,1.88
412,1.13
413,1.06
414,1.78
415,1.45
416,1.97
417,1.87
418,0.86
419,1.37
420,1.58
421,0.91
422,1.69
423,1.54
424,1.05
425,1.74
426,1.63
427,1.53
428,1.87
429,1.09
430,1.01
431,1.30
432,1.63
433,1.29
434,1.24
435,1.64
436,1.50
437,1.49
438,2.02
439,1.30
440,1.00
441,0.91
442,1.51
443,0.91
444,0.96
445,1.75
446,1.22
447,1.68
448,1.16
449,1.16
450,1.35
451,2.05
452,1.46
453,1.51
454,1.01
455,1.00
456,1.30
457,1.30
458,1.04
459,1.25
460,1.06
461,1.71
462,1.25
463,1.56
464,1.61
465,1.11
466,1.71
467,1.08
468,1.02
469,1.71
470,1.12
471,1.17
472,1.75
473,1.11
474,1.15
475,2.06
476,0.90
477,2.08
478,2.01
479,1.17
480,1.24
481,1.41
482,0.98
483,1.14
484,1.28
485,1.72
486,1.39
487,2.22
488,1.58
489,1.92
490,1.02
491,1.32
492,1.57
493,0.85
494,0.89
495,0.90
496,1.61
497,1.66
498,1.05
499,1.64
500,1.47
501,1.12
502,1.10
503,1.15
504,1.39
505,1.80
506,1.25
507,1.12
508,1.77
509,1.57
510,1.98
511,1.15
512,1.27
513,1.55
514,0.82
515,1.15
516,1.17
517,1.12
518,1.87
519,1.46
520,1.14
521,1.62
522,1.13
523,1.64
524,2.32
525,1.44
526,1.12
527,1.27
528,1.12
529,1.07
530,1.59
531,1.34
532,1.83
533,1.84
534,1.68
535,0.78
536,1.13
537,1.97
538,1.08
539,1.32
540,1.10
541,1.17
542,1.79
543,1.30
544,1.75
545,0.78
546,1.73
547,1.74
548,1.92
549,1.22
550,1.96
551,1.32
552,1.47
553,1.10
554,1.67
555,1.65
556,0.84
557,1.83
558,1.15
559,1.05
560,1.47
561,1.26
562,1.21
563,1.42
564,1.07
565,1.17
566,0.67
567,1.50
568,1.18
569,0.95
570,1.65
571,1.15
572,1.75
573,1.82
574,1.31
575,0.99
576,1.79
577,1.84
578,1.84
579,1.61
580,0.86
581,2.17
582,1.64
583,1.27
584,1.38
585,0.72
586,1.43
587,2.38
588,1.44
589,0.95
590,1.22
591,1.98
592,1.72
593,1.55
594,2.38
595,1.30
596,1.20
597,1.50
598,1.01
599,0.76
600,1.45
601,1.38
602,1.92
603,0.93
604,1.26
605,2.16
606,1.63
607,1.64
608,1.66
609,1.24
610,1.63
611,1.17
612,2.01
613,1.43
614,1.38
615,1.13
616,1.05
617,1.97
618,1.82
619,1.25
620,1.80
621,1.74
622,1.33
623,1.17
624,1.00
625,1.42
626,1.91
627,1.35
628,0.98
629,1.42
630,0.99
631,1.16
632,1.54
633,1.57
634,1.01
635,1.25
636,1.39
637,0.90
638,1.64
639,1.11
640,1.62
641,1.18
642,1.01
643,2.19
644,0.98
645,1.01
646,1.53
647,1.64
648,0.94
649,0.95
650,0.99
651,1.16
652,1.33
653,1.69
654,2.08
655,1.09
656,1.23
657,1.52
658,1.10
659,1.11
660,1.26
661,1.07
662,1.39
663,1.52
664,1.58
665,1.17
666,1.04
667,0.95
668,2.20
669,1.29
670,1.62
671,1.81
672,1.00
673,1.51
674,1.23
675,1.80
676,1.15
677,1.03
678,1.32
679,0.91
680,1.52
681,2.17
682,1.84
683,1.37
684,1.57
685,1.76
686,1.44
687,1.84
688,1.04
689,1.50
690,0.71
691,0.97
692,1.67
693,1.66
694,1.08
695,1.60
696,1.53
697,1.20
698,1.50
699,1.65
700,1.22
701,1.05
702,1.45
703,0.92
704,1.21
705,1.39
706,1.73
707,0.93
708,1.56
709,1.51
710,1.56
711,2.00
712,0.91
713,0.85
714,1.15
715,1.48
716,1.29
717,1.23
718,1.18
719,1.01
720,1.58
721,1.32
722,1.58
723,1.34
724,1.44
725,1.83
726,0.93
727,1.41
728,0.95
729,1.58
730,0.87
731,1.79
732,1.65
733,1.38
734,0.88
735,1.31
736,1.34
737,1.80
738,1.18
739,1.55
740,1.29
741,1.13
742,0.63
743,1.35
744,1.78
745,1.92
746,1.62
747,1.26
748,1.82
749,1.51
750,2.03
751,1.89
752,1.08
753,1.50
754,1.91
755,1.46
756,0.97
757,0.91
758,1.98
759,1.80
760,1.85
761,1.41
762,1.03
763,1.58
764,0.90
765,1.63
766,1.56
767,1.58
768,1.66
769,0.71
770,0.99
771,1.01
772,1.04
773,1.20
774,1.59
775,1.57
776,1.39
777,1.81
778,1.80
779,1.35
780,1.35
781,1.63
782,1.70
783,1.13
784,1.88
785,1.03
786,1.10
787,1.62
788,1.23
789,1.53
790,1.55
791,1.00
792,1.26
793,1.57
794,1.06
795,1.06
796,1.20
797,1.65
798,1.93
799,1.03
800,1.07
801,0.81
802,1.32
803,1.34
804,1.44
805,2.11
806,1.76
807,1.03
808,1.62
809,1.57
810,1.11
811,0.69
812,1.20
813,0.89
814,1.70
815,1.36
816,0.95
817,1.12
818,1.42
819,1.84
820,1.82
821,1.40
822,1.03
823,1.98
824,1.50
825,1.94
826,1.55
827,1.89
828,1.90
829,1.36
830,1.44
831,1.08
832,1.19
833,1.10
834,1.02
835,1.03
836,1.19
837,1.21
838,1.31
839,1.29
840,1.64
841,1.07
842,1.88
843,1.50
844,1.14
845,1.22
846,1.22
847,2.43
848,1.46
849,1.88
850,1.32
851,1.16
852,1.56
853,1.24
854,0.99
855,1.43
856,1.19
857,1.60
858,1.68
859,1.03
860,1.90
861,1.58
862,2.15
863,1.91
864,1.07
865,1.29
866,1.39
867,1.63
868,1.14
869,1.88
870,1.35
871,1.04
872,1.41
873,2.10
874,0.91
875,1.72
876,1.92
877,1.57
878,1.70
879,0.85
880,1.43
881,0.80
882,1.48
883,0.87
884,1.66
885,1.12
886,0.71
887,1.49
888,1.65
889,1.08
890,1.67
891,1.11
892,1.60
893,1.57
894,1.29
895,0.88
896,1.56
897,1.07
898,1.14
899,1.80
900,0.96
901,1.17
902,1.23
903,0.99
904,1.94
905,1.56
906,1.57
907,0.96
908,1.04
909,1.12
910,1.54
911,0.82
912,1.67
913,1.57
914,1.55
915,1.58
916,1.10
917,1.00
918,1.07
919,1.28
920,1.61
921,1.37
922,1.82
923,1.24
924,1.82
925,1.40
926,1.28
927,1.34
928,1.40
929,1.46
930,1.64
931,1.06
932,1.61
933,2.17
934,1.16
935,1.16
936,1.89
937,1.52
938,1.75
939,1.56
940,1.77
941,1.44
942,2.48
943,1.41
944,1.72
945,1.94
946,0.82
947,0.78
948,2.23
949,1.01
950,1.19
951,1.51
952,1.07
953,1.72
954,1.59
955,1.25
956,1.47
957,1.75
958,1.92
959,2.14
960,1.64
961,1.69
962,1.78
963,1.73
964,1.59
965,1.85
966,0.94
967,1.41
968,1.68
969,1.60
970,1.22
971,1.57
972,1.10
973,1.45
974,0.96
975,1.71
976,2.08
977,1.12
978,1.39
979,1.48
980,1.62
981,1.15
982,0.97
983,1.74
984,1.96
985,1.16
986,0.83
987,1.48
988,1.37
989,1.29
990,1.56
991,1.13
992,1.49
993,1.41
994,1.04
995,1.41
996,1.33
997,1.40
998,1.69
999,1.23
1000,1.58
1001,1.96
1002,1.01
1003,1.64
1004,1.57
1005,1.57
1006,1.19
1007,1.54
1008,1.55
1009,1.21
1010,1.61
1011,1.02
1012,1.04
1013,1.09
1014,1.64
1015,1.47
1016,1.60
1017,1.61
1018,1.22
1019,1.66
1020,1.05
1021,1.49
1022,1.27
1023,1.65
1024,1.88
1025,1.25
1026,1.61
1027,1.10
1028,1.75
1029,1.21
1030,1.80
1031,1.80
1032,1.41
1033,0.97
1034,1.48
1035,1.49
1036,1.48
1037,1.11
1038,1.31
1039,0.88
1040,2.00
1041,1.39
1042,1.13
1043,1.20
1044,1.59
1045,1.67
1046,1.40
1047,2.32
1048,1.59
1049,1.16
1050,1.86
1051,1.22
1052,1.88
1053,1.25
1054,1.30
1055,1.66
1056,1.47
1057,1.13
1058,1.14
1059,1.56
1060,1.80
1061,1.57
1062,2.13
1063,0.74
1064,0.85
1065,0.96
1066,1.21
1067,1.25
1068,1.89
1069,1.52
1070,1.62
1071,2.06
1072,2.22
1073,1.75
1074,1.10
1075,1.03
1076,1.27
1077,1.31
1078,1.84
1079,1.22
1080,1.40
1081,1.01
1082,2.19
1083,1.00
1084,2.01
1085,1.60
1086,1.62
1087,1.19
1088,2.00
1089,1.60
1090,1.47
1091,1.29
1092,1.18
1093,2.51
1094,2.14
1095,1.38
1096,1.00
1097,1.89
1098,1.16
1099,1.53
1100,1.02
1101,1.29
1102,1.39
1103,1.71
1104,1.67
1105,1.56
1106,1.65
1107,1.85
1108,2.41
1109,1.61
1110,1.95
1111,1.71
1112,1.00
1113,1.28
1114,1.36
1115,1.29
1116,1.01
1117,2.15
1118,1.75
1119,1.37
1120,1.37
1121,1.16
1122,1.24
1123,1.05
1124,1.67
1125,1.70
1126,1.87
1127,2.23
1128,1.20
1129,1.17
1130,1.55
1131,1.09
1132,1.54
1133,1.45
1134,1.49
1135,1.10
1136,0.78
1137,1.64
1138,1.85
1139,1.59
1140,1.13
1141,1.00
1142,1.11
1143,1.30
1144,1.86
1145,1.23
1146,0.97
1147,1.71
1148,1.17
1149,1.09
1150,1.72
1151,1.48
1152,1.55
1153,1.22
1154,2.51
1155,1.90
1156,0.70
1157,1.05
1158,1.44
1159,1.91
1160,1.04
1161,0.97
1162,1.25
1163,1.54
1164,2.17
1165,1.05
1166,1.40
1167,1.17
1168,1.57
1169,2.14
1170,1.54
1171,1.70
1172,1.79
1173,1.27
1174,1.64
1175,1.51
1176,1.24
1177,1.59
1178,1.10
1179,1.05
1180,1.07
1181,1.96
1182,1.16
1183,1.27
1184,1.65
1185,1.87
1186,1.00
1187,1.03
1188,1.79
1189,1.00
1190,1.03
1191,1.51
1192,1.30
1193,1.66
1194,1.47
1195,1.04
1196,1.72
1197,1.06
1198,1.71
1199,1.62
1200,1.30
1201,1.25
1202,1.58
1203,1.78
1204,2.09
1205,1.52
1206,1.16
1207,0.74
1208,1.00
1209,1.45
1210,1.40
1211,1.19
1212,1.07
1213,1.79
1214,1.51
1215,1.84
1216,1.38
1217,1.99
1218,1.05
1219,1.03
1220,1.57
1221,1.81
1222,2.29
1223,1.11
1224,2.15
1225,1.97
1226,1.66
1227,1.27
1228,0.79
1229,1.37
1230,1.07
1231,1.31
1232,1.64
1233,1.04
1234,1.85
1235,1.89
1236,1.65
1237,1.67
1238,1.03
1239,1.99
1240,1.23
1241,1.22
1242,1.59
1243,1.07
1244,1.82
1245,1.38
1246,1.68
1247,1.94
1248,1.19
1249,1.35
1250,1.13
1251,1.04
1252,1.10
1253,1.63
1254,1.39
1255,1.41
1256,1.09
1257,2.44
1258,1.92
1259,1.77
1260,1.21
1261,1.77
1262,1.82
1263,1.51
1264,0.73
1265,1.77
1266,1.08
1267,0.86
1268,1.66
1269,1.75
1270,0.88
1271,1.50
1272,1.00
1273,1.96
1274,1.57
1275,1.87
1276,1.51
1277,1.02
1278,1.15
1279,1.28
1280,1.60
1281,1.79
1282,1.22
1283,1.92
1284,1.40
1285,1.21
1286,1.10
1287,1.06
1288,2.00
1289,0.92
1290,1.42
1291,1.11
1292,1.19
1293,1.03
1294,1.41
1295,1.51
1296,1.37
1297,1.26
1298,1.01
1299,1.64
1300,1.13
1301,0.99
1302,2.42
1303,1.69
1304,1.44
1305,1.81
1306,1.34
1307,1.47
1308,1.12
1309,1.84
1310,1.65
1311,1.40
1312,0.87
1313,1.82
1314,1.13
1315,1.73
1316,1.42
1317,1.01
1318,1.38
1319,1.81
1320,1.17
1321,1.45
1322,1.88
1323,1.22
1324,1.13
1325,1.31
1326,1.03
1327,1.18
1328,1.60
1329,1.19
1330,1.38
1331,1.55
1332,1.03
1333,1.07
1334,1.71
1335,1.21
1336,1.50
1337,1.08
1338,1.01
1339,1.09
1340,1.41
1341,1.71
1342,1.01
1343,1.10
1344,1.47
1345,1.17
1346,1.09
1347,1.36
1348,1.90
1349,1.92
1350,1.01
1351,1.56
1352,1.74
1353,1.86
1354,1.47
1355,1.39
1356,1.01
1357,1.43
1358,1.38
1359,1.04
1360,1.08
1361,1.11
1362,1.63
1363,1.39
1364,1.27
1365,2.05
1366,1.41
1367,1.61
1368,1.16
1369,1.38
1370,1.13
1371,1.06
1372,1.08
1373,1.12
1374,1.12
1375,1.72
1376,1.70
1377,1.80
1378,0.86
1379,1.76
1380,1.84
1381,1.44
1382,1.57
1383,2.12
1384,1.64
1385,1.07
1386,1.20
1387,0.76
1388,1.39
1389,1.31
1390,0.74
1391,1.17
1392,1.70
1393,1.05
1394,1.07
1395,1.21
1396,1.31
1397,1.79
1398,1.69
1399,2.30
1400,1.04
1401,0.81
1402,1.48
1403,1.50
1404,1.11
1405,1.00
1406,1.29
1407,1.41
1408,0.96
1409,2.11
1410,1.26
1411,1.06
1412,1.03
1413,0.92
1414,1.33
1415,1.12
1416,1.12
1417,1.81
1418,1.15
1419,1.31
1420,1.87
1421,1.39
1422,0.99
1423,2.16
1424,1.94
1425,1.27
1426,1.32
1427,1.25
1428,2.16
1429,1.01
1430,1.04
1431,1.77
1432,1.28
1433,1.74
1434,1.68
1435,1.90
1436,1.34
1437,1.44
1438,1.17
1439,1.45
1440,0.79
1441,1.27
1442,1.79
1443,1.56
1444,1.28
1445,1.62
1446,1.24
1447,1.79
1448,1.81
1449,1.53
1450,2.09
1451,1.94
1452,1.49
1453,1.00
1454,1.58
1455,1.17
1456,1.31
1457,1.79
1458,1.31
1459,1.45
1460,1.08
1461,1.14
1462,1.39
1463,0.83
1464,1.78
1465,1.97
1466,1.86
1467,1.54
1468,1.18
1469,1.81
1470,1.11
1471,1.65
1472,1.33
1473,1.03
1474,1.16
1475,1.24
1476,1.01
1477,1.53
1478,1.54
1479,1.27
1480,1.15
1481,1.15
1482,1.12
1483,0.80
1484,1.85
1485,1.79
1486,1.06
1487,1.03
1488,1.28
1489,0.89
1490,0.81
1491,1.21
1492,1.59
1493,1.76
1494,1.96
1495,1.18
1496,1.11
1497,1.98
1498,1.19
1499,1.10
1500,1.35
1501,1.11
1502,1.35
1503,0.97
1504,1.01
1505,1.23
1506,1.62
1507,1.38
1508,1.74
1509,1.23
1510,0.96
1511,1.82
1512,1.22
1513,2.59
1514,1.59
1515,1.10
1516,1.53
1517,1.02
1518,1.06
1519,1.19
1520,0.75
1521,1.64
1522,1.51
1523,1.88
1524,1.24
1525,1.39
1526,1.52
1527,0.98
1528,1.83
1529,1.57
1530,1.84
1531,0.94
1532,1.35
1533,1.25
1534,1.39
1535,1.79
1536,2.20
1537,1.37
1538,1.74
1539,1.57
1540,1.75
1541,0.76
1542,1.02
1543,1.15
1544,1.77
1545,1.90
1546,0.92
1547,1.81
1548,1.16
1549,1.05
1550,0.80
1551,1.27
1552,1.61
1553,1.80
1554,1.22
1555,1.59
1556,1.47
1557,1.29
1558,1.18
1559,0.67
1560,1.33
1561,1.50
1562,1.18
1563,1.12
1564,2.16
1565,1.88
1566,1.38
1567,0.90
1568,1.63
1569,1.84
1570,0.90
1571,1.26
1572,1.39
1573,1.19
1574,1.18
1575,1.49
1576,1.06
1577,1.67
1578,1.44
1579,1.96
1580,2.04
1581,1.19
1582,1.67
1583,1.05
1584,1.93
1585,1.88
1586,1.75
1587,1.59
1588,1.75
1589,1.42
1590,1.82
1591,1.41
1592,0.79
1593,1.33
1594,1.23
1595,1.71
1596,1.42
1597,2.01
1598,1.06
1599,1.61
1600,1.44
1601,0.91
1602,1.97
1603,1.55
1604,0.96
1605,1.40
1606,1.19
1607,2.09
1608,0.83
1609,0.97
1610,1.61
1611,1.54
1612,1.03
1613,0.86
1614,0.99
1615,1.32
1616,1.76
1617,1.73
1618,1.58
1619,1.86
1620,1.46
1621,1.37
1622,1.40
1623,1.50
1624,1.04
1625,1.93
1626,1.81
1627,1.23
1628,1.53
1629,1.31
1630,1.06
1631,1.97
1632,1.13
1633,1.68
1634,1.16
1635,1.04
1636,1.11
1637,1.15
1638,1.47
1639,1.27
1640,0.82
1641,1.56
1642,2.02
1643,1.14
1644,1.16
1645,0.98
1646,1.19
1647,1.94
1648,1.29
1649,2.02
1650,1.86
1651,2.21
1652,1.12
1653,1.49
1654,1.64
1655,1.43
1656,1.39
1657,1.55
1658,1.07
1659,1.44
1660,1.66
1661,1.01
1662,1.62
1663,1.75
1664,1.17
1665,1.59
1666,1.35
1667,1.56
1668,1.76
1669,2.03
1670,1.25
1671,1.01
1672,1.34
1673,1.58
1674,1.03
1675,1.83
1676,1.28
1677,1.81
1678,0.77
1679,1.67
1680,0.80
1681,1.35
1682,1.10
1683,2.29
1684,1.35
1685,1.63
1686,0.79
1687,1.27
1688,1.44
1689,0.96
1690,0.91
1691,1.47
1692,1.20
1693,1.07
1694,1.55
1695,0.90
1696,1.21
1697,1.18
1698,1.50
1699,1.60
1700,1.35
1701,1.72
1702,1.58
1703,1.35
1704,1.15
1705,2.13
1706,1.09
1707,0.83
1708,2.01
1709,1.50
1710,1.49
1711,1.17
1712,1.25
1713,1.30
1714,0.96
1715,2.05
1716,1.96
1717,1.35
1718,1.06
1719,1.14
1720,1.90
1721,1.78
1722,1.73
1723,1.58
1724,1.41
1725,1.34
1726,1.42
1727,1.83
1728,1.15
1729,1.37
1730,0.98
1731,1.39
1732,1.54
1733,1.06
1734,1.83
1735,1.43
1736,1.56
1737,1.14
1738,1.52
1739,1.18
1740,1.46
1741,1.04
1742,1.52
1743,1.17
1744,0.76
1745,1.15
1746,1.66
1747,1.02
1748,1.97
1749,1.46
1750,1.01
1751,1.59
1752,1.01
1753,1.46
1754,1.07
1755,0.88
1756,1.19
1757,1.62
1758,1.55
1759,1.36
1760,1.03
1761,1.31
1762,1.82
1763,1.55
1764,1.13
1765,0.79
1766,1.63
1767,1.22
1768,1.95
1769,1.71
1770,2.06
1771,1.26
1772,1.04
1773,1.11
1774,1.09
1775,0.88
1776,1.00
1777,1.35
1778,1.96
1779,1.77
1780,2.47
1781,1.04
1782,1.90
1783,0.94
1784,1.03
1785,1.61
1786,1.69
1787,0.96
1788,1.58
1789,1.77
1790,0.82
1791,1.47
1792,1.13
1793,0.81
1794,1.63
1795,1.89
1796,1.50
1797,1.15
1798,1.42
1799,1.79
1800,0.80
1801,1.48
1802,0.89
1803,1.25
1804,0.58
1805,0.92
1806,0.81
1807,1.31
1808,1.24
1809,2.00
1810,1.70
1811,1.52
1812,2.06
1813,1.10
1814,1.10
1815,1.22
1816,1.03
1817,1.14
1818,1.95
1819,1.56
1820,1.80
1821,1.68
1822,0.86
1823,1.55
1824,1.01
1825,0.91
1826,1.12
1827,1.59
1828,1.01
1829,1.40
1830,1.66
1831,0.92
1832,1.30
1833,1.55
1834,1.16
1835,1.57
1836,1.71
1837,1.43
1838,1.52
1839,1.94
1840,1.79
1841,1.18
1842,0.84
1843,1.34
1844,1.42
1845,1.51
1846,1.38
1847,1.69
1848,1.15
1849,1.92
1850,1.37
1851,1.35
1852,1.45
1853,1.36
1854,1.41
1855,1.20
1856,1.58
1857,0.86
1858,1.42
1859,1.08
1860,1.18
1861,1.16
1862,1.72
1863,0.97
1864,1.19
1865,1.09
1866,1.28
1867,1.60
1868,1.88
1869,1.64
1870,1.50
1871,2.09
1872,1.74
1873,1.30
1874,1.45
1875,1.24
1876,1.34
1877,1.61
1878,1.76
1879,1.05
1880,1.13
1881,1.59
1882,1.46
1883,1.09
1884,0.93
1885,1.33
1886,1.07
1887,1.58
1888,1.52
1889,0.71
1890,1.44
1891,1.76
1892,2.37
1893,1.00
1894,1.33
1895,1.33
1896,1.46
1897,2.17
1898,2.56
1899,1.91
1900,1.04
1901,1.64
1902,1.39
1903,1.74
1904,0.82
1905,1.44
1906,1.56
1907,1.49
1908,1.77
1909,1.25
1910,0.76
1911,1.08
1912,0.96
1913,0.70
1914,1.77
1915,1.15
1916,1.11
1917,1.61
1918,1.39
1919,1.73
1920,0.93
1921,1.41
1922,1.87
1923,1.92
1924,2.32
1925,1.59
1926,2.24
1927,1.58
1928,1.40
1929,1.59
1930,1.25
1931,1.32
1932,1.39
1933,1.82
1934,1.27
1935,1.35
1936,1.87
1937,1.26
1938,1.64
1939,1.09
1940,1.90
1941,1.62
1942,1.69
1943,1.39
1944,1.29
1945,1.63
1946,1.32
1947,1.44
1948,1.05
1949,1.60
1950,1.36
1951,1.87
1952,2.03
1953,1.11
1954,1.11
1955,1.35
1956,1.35
1957,1.85
1958,1.39
1959,1.61
1960,0.91
1961,1.95
1962,2.50
1963,1.38
1964,1.00
1965,1.04
1966,1.38
1967,0.94
1968,1.96
1969,1.48
1970,1.90
1971,1.58
1972,1.69
1973,1.48
1974,1.33
1975,1.90
1976,1.70
1977,1.28
1978,1.80
1979,1.33
1980,1.61
1981,1.70
1982,1.35
1983,1.00
1984,0.72
1985,1.36
1986,1.10
1987,1.11
1988,1.77
1989,1.58
1990,1.43
1991,1.85
1992,1.29
1993,1.64
1994,1.71
1995,1.66
1996,1.06
1997,1.24
1998,1.70
1999,1.25
2000,2.17
2001,0.79
2002,1.20
2003,1.85
2004,0.96
2005,1.07
2006,1.24
2007,1.24
2008,1.03
2009,1.68
2010,1.90
2011,1.76
2012,1.80
2013,0.93
2014,1.14
2015,1.53
2016,1.14
2017,1.28
2018,1.18
2019,0.98
2020,1.04
2021,1.26
2022,1.11
2023,1.13
2024,1.85
2025,1.15
2026,1.34
2027,1.44
2028,0.99
2029,1.81
2030,1.52
2031,2.50
2032,1.20
2033,1.41
2034,0.91
2035,1.55
2036,2.18
2037,1.83
2038,0.93
2039,1.46
2040,1.86
2041,1.22
2042,1.51
2043,1.04
2044,1.43
2045,1.65
2046,1.32
2047,1.67
2048,0.92
2049,1.05
2050,1.34
2051,1.63
2052,1.29
2053,1.49
2054,1.48
2055,1.17
2056,1.24
2057,0.66
2058,1.59
2059,2.19
2060,1.06
2061,1.58
2062,1.65
2063,1.53
2064,1.25
2065,1.27
2066,1.46
2067,1.96
2068,1.48
2069,0.90
2070,1.32
2071,1.21
2072,1.19
2073,1.00
2074,1.62
2075,1.52
2076,0.97
2077,1.90
2078,1.38
2079,1.56
2080,1.54
2081,1.57
2082,1.61
2083,1.18
2084,1.24
2085,1.46
2086,1.16
2087,1.66
2088,1.06
2089,0.67
2090,0.79
2091,1.12
2092,1.66
2093,1.76
2094,1.50
2095,1.77
2096,1.74
2097,1.75
2098,0.92
2099,1.49
2100,0.94
2101,1.43
2102,1.38
2103,1.10
2104,1.57
2105,1.68
2106,1.04
2107,1.57
2108,1.89
2109,1.53
2110,0.91
2111,1.26
2112,1.60
2113,1.14
2114,1.39
2115,1.12
2116,1.28
2117,1.68
2118,0.90
2119,1.38
2120,1.68
2121,1.38
2122,1.46
2123,2.07
2124,1.11
2125,1.50
2126,1.82
2127,1.31
2128,1.49
2129,1.27
2130,1.03
2131,1.56
2132,1.86
2133,0.78
2134,1.61
2135,0.70
2136,1.67
2137,1.09
2138,1.16
2139,1.62
2140,1.64
2141,0.89
2142,1.33
2143,1.70
2144,1.09
2145,1.51
2146,0.87
2147,1.72
2148,1.14
2149,1.65
2150,1.02
2151,1.65
2152,2.09
2153,1.14
2154,1.09
2155,1.51
2156,2.21
2157,1.09
2158,1.35
2159,1.12
2160,2.23
2161,1.06
2162,1.62
2163,2.40
2164,1.33
2165,1.05
2166,1.29
2167,1.74
2168,1.34
2169,1.79
2170,1.43
2171,0.87
2172,1.77
2173,1.55
2174,1.15
2175,0.94
2176,1.20
2177,1.79
2178,1.75
2179,2.03
2180,1.78
2181,1.27
2182,1.15
2183,1.37
2184,0.91
2185,1.55
2186,1.85
2187,2.03
2188,1.50
2189,1.72
2190,0.89
2191,0.94
2192,1.05
2193,1.74
2194,1.25
2195,1.69
2196,1.54
2197,1.10
2198,1.31
2199,1.72
2200,1.53
2201,0.88
2202,1.26
2203,1.63
2204,1.24
2205,1.45
2206,1.44
2207,1.74
2208,1.99
2209,1.17
2210,1.42
2211,1.55
2212,1.80
2213,1.17
2214,1.13
2215,1.72
2216,1.62
2217,1.70
2218,0.99
2219,1.19
2220,0.96
2221,1.81
2222,1.07
2223,0.84
2224,1.84
2225,0.91
2226,1.85
2227,1.00
2228,1.56
2229,1.84
2230,1.18
2231,1.18
2232,1.58
2233,1.25
2234,0.98
2235,1.26
2236,1.50
2237,1.37
2238,1.45
2239,0.71
2240,1.80
2241,1.84
2242,2.01
2243,1.41
2244,1.80
2245,1.13
2246,1.09
2247,1.38
2248,1.33
2249,1.83
2250,1.91
2251,1.65
2252,1.66
2253,1.18
2254,1.64
2255,1.74
2256,0.85
2257,0.98
2258,0.96
2259,1.58
2260,1.82
2261,0.97
2262,1.14
2263,1.75
2264,1.77
2265,1.21
2266,1.10
2267,1.46
2268,0.74
2269,1.71
2270,1.85
2271,1.49
2272,1.61
2273,0.64
2274,0.99
2275,1.58
2276,1.39
2277,0.80
2278,1.62
2279,1.61
2280,1.60
2281,1.33
2282,1.00
2283,1.10
2284,1.07
2285,1.71
2286,1.12
2287,1.18
2288,1.63
2289,1.19
2290,1.87
2291,0.62
2292,1.38
2293,0.96
2294,1.27
2295,1.40
2296,0.82
2297,0.97
2298,1.60
2299,1.51
2300,1.89
2301,0.83
2302,1.70
2303,0.98
2304,1.69
2305,1.04
2306,1.77
2307,2.23
2308,1.19
2309,1.23
2310,1.38
2311,1.69
2312,1.44
2313,2.02
2314,1.71
2315,0.91
2316,1.78
2317,0.97
2318,0.93
2319,1.03
2320,1.03
2321,1.16
2322,1.12
2323,0.97
2324,1.07
2325,1.51
2326,0.76
2327,1.26
2328,1.08
2329,1.60
2330,1.08
2331,1.08
2332,1.15
2333,1.83
2334,0.96
2335,0.77
2336,1.13
2337,1.01
2338,1.80
2339,1.26
2340,1.18
2341,1.56
2342,1.92
2343,1.55
2344,1.39
2345,1.17
2346,1.77
2347,1.63
2348,1.45
2349,1.75
2350,2.08
2351,1.88
2352,1.23
2353,1.40
2354,1.19
2355,1.12
2356,0.96
2357,1.91
2358,1.12
2359,1.32
2360,0.85
2361,1.79
2362,1.58
2363,1.16
2364,1.46
2365,1.25
2366,1.61
2367,1.54
2368,1.74
2369,1.67
2370,1.72
2371,1.06
2372,1.55
2373,1.19
2374,1.40
2375,2.04
2376,1.55
2377,1.48
2378,1.36
2379,1.32
2380,1.12
2381,1.22
2382,1.57
2383,1.71
2384,1.66
2385,0.93
2386,0.88
2387,1.61
2388,1.01
2389,1.88
2390,1.86
2391,0.68
2392,1.05
2393,1.76
2394,1.70
2395,1.13
2396,1.69
2397,1.20
2398,1.06
2399,1.52
2400,1.76
2401,1.99
2402,1.57
2403,1.10
2404,1.09
2405,1.10
2406,1.64
2407,1.54
2408,2.06
2409,1.00
2410,1.16
2411,1.33
2412,1.61
2413,1.98
2414,1.17
2415,1.49
2416,1.84
2417,2.43
2418,0.99
2419,1.21
2420,1.47
2421,2.62
2422,2.01
2423,1.30
2424,1.61
2425,1.55
2426,1.04
2427,2.02
2428,1.23
2429,1.30
2430,1.62
2431,1.12
2432,0.83
2433,1.12
2434,1.48
2435,1.26
2436,1.33
2437,1.40
2438,1.58
2439,1.83
2440,1.83
2441,1.41
2442,1.73
2443,1.87
2444,1.51
2445,1.05
2446,2.05
2447,0.84
2448,1.79
2449,1.70
2450,1.58
2451,1.75
2452,1.76
2453,1.26
2454,1.11
2455,1.44
2456,0.93
2457,1.75
2458,0.82
2459,1.79
2460,1.10
2461,0.79
2462,1.30
2463,1.38
2464,1.13
2465,1.28
2466,1.40
2467,2.12
2468,1.77
2469,1.22
2470,1.15
2471,0.92
2472,1.74
2473,1.88
2474,1.81
2475,0.90
2476,0.97
2477,1.56
2478,0.97
2479,1.76
2480,1.10
2481,1.12
2482,2.51
2483,1.73
2484,1.13
2485,1.35
2486,1.54
2487,1.63
2488,1.19
2489,1.49
2490,1.25
2491,1.97
2492,1.52
2493,1.79
2494,1.77
2495,1.31
2496,1.99
2497,1.07
2498,1.50
2499,1.16
2500,1.04
2501,1.86
2502,1.80
2503,1.89
2504,1.52
2505,0.73
2506,1.17
2507,1.52
2508,1.74
2509,1.44
2510,2.12
2511,1.10
2512,1.90
2513,1.23
2514,1.92
2515,1.21
2516,1.77
2517,1.24
2518,1.38
2519,1.18
2520,2.05
2521,1.38
2522,2.27
2523,1.10
2524,1.19
2525,2.01
2526,1.41
2527,0.86
2528,1.72
2529,1.41
2530,1.34
2531,1.36
2532,1.56
2533,1.10
2534,1.00
2535,0.93
2536,1.69
2537,0.79
2538,1.58
2539,1.52
2540,1.38
2541,1.50
2542,1.03
2543,1.63
2544,0.83
2545,1.40
2546,1.95
2547,1.26
2548,1.15
2549,1.80
2550,0.88
2551,1.48
2552,0.92
2553,1.14
2554,1.25
2555,1.36
2556,1.06
2557,1.57
2558,0.79
2559,1.63
2560,1.22
2561,1.29
2562,1.41
2563,1.03
2564,1.47
2565,1.17
2566,0.98
2567,1.56
2568,1.75
2569,1.08
2570,1.15
2571,0.72
2572,1.27
2573,1.62
2574,1.25
2575,1.80
2576,1.25
2577,1.24
2578,1.61
2579,0.74
2580,1.47
2581,0.87
2582,2.33
2583,1.55
2584,1.13
2585,1.90
2586,1.31
2587,1.01
2588,1.23
2589,1.40
2590,0.66
2591,1.20
2592,1.41
2593,1.37
2594,1.11
2595,1.56
2596,1.09
2597,2.11
2598,1.13
2599,0.78
2600,1.71
2601,1.03
2602,1.41
2603,1.58
2604,1.53
2605,1.11
2606,1.61
2607,0.99
2608,0.81
2609,1.25
2610,1.86
2611,1.09
2612,1.44
2613,2.09
2614,1.22
2615,0.56
2616,1.61
2617,1.77
2618,1.65
2619,1.46
2620,2.35
2621,1.65
2622,1.11
2623,0.98
2624,1.85
2625,1.93
2626,1.69
2627,0.82
2628,2.07
2629,2.00
2630,1.19
2631,1.43
2632,1.54
2633,0.87
2634,1.30
2635,1.19
2636,1.32
2637,1.24
2638,1.01
2639,1.49
2640,1.63
2641,0.92
2642,1.61
2643,1.64
2644,1.35
2645,1.27
2646,1.17
2647,1.70
2648,1.59
2649,1.34
2650,2.08
2651,1.07
2652,1.23
2653,1.28
2654,1.52
2655,1.22
2656,1.83
2657,1.16
2658,1.14
2659,1.75
2660,0.73
2661,1.59
2662,0.89
2663,2.04
2664,1.65
2665,0.88
2666,1.98
2667,0.97
2668,1.66
2669,1.22
2670,1.62
2671,1.54
2672,1.15
2673,0.79
2674,1.66
2675,1.06
2676,1.10
2677,1.48
2678,1.11
2679,0.60
2680,1.48
2681,1.52
2682,1.90
2683,1.82
2684,1.83
2685,1.08
2686,1.59
2687,1.10
2688,2.07
2689,1.46
2690,0.85
2691,1.06
2692,1.63
2693,1.79
2694,1.50
2695,1.55
2696,1.47
2697,2.00
2698,1.69
2699,1.34
2700,1.08
2701,1.26
2702,0.91
2703,1.48
2704,1.26
2705,1.13
2706,1.80
2707,1.60
2708,1.15
2709,1.95
2710,1.01
2711,1.36
2712,1.06
2713,1.15
2714,1.40
2715,1.09
2716,1.32
2717,1.07
2718,1.65
2719,1.02
2720,1.45
2721,1.11
2722,1.67
2723,1.81
2724,1.78
2725,1.94
2726,1.21
2727,1.50
2728,1.30
2729,1.44
2730,1.83
2731,1.52
2732,1.59
2733,1.85
2734,2.00
2735,1.19
2736,1.56
2737,1.03
2738,1.16
2739,1.42
2740,1.15
2741,1.50
2742,0.89
2743,1.02
2744,1.37
2745,1.73
2746,1.28
2747,1.90
2748,0.79
2749,1.45
2750,1.09
2751,2.16
2752,1.10
2753,1.48
2754,1.64
2755,1.72
2756,1.72
2757,1.70
2758,1.67
2759,1.88
2760,1.09
2761,1.27
2762,1.06
2763,1.07
2764,0.73
2765,1.79
2766,1.38
2767,1.89
2768,1.25
2769,1.23
2770,1.25
2771,0.92
2772,1.06
2773,1.73
2774,1.03
2775,0.71
2776,0.92
2777,1.44
2778,1.30
2779,1.11
2780,1.03
2781,0.77
2782,1.96
2783,1.12
2784,1.28
2785,1.17
2786,1.20
2787,1.47
2788,1.09
2789,1.02
2790,1.39
2791,2.24
2792,1.07
2793,1.26
2794,0.75
2795,0.76
2796,1.47
2797,1.32
2798,1.14
2799,1.66
2800,0.80
2801,1.12
2802,1.03
2803,1.27
2804,2.14
2805,1.97
2806,1.55
2807,1.02
2808,0.76
2809,1.61
2810,1.22
2811,1.60
2812,1.62
2813,1.08
2814,1.26
2815,0.95
2816,2.24
2817,1.06
2818,1.83
2819,1.22
2820,1.74
2821,1.56
2822,1.81
2823,1.06
2824,0.82
2825,1.19
2826,1.13
2827,2.11
2828,2.13
2829,2.17
2830,1.55
2831,1.55
2832,1.85
2833,1.03
2834,1.55
2835,1.21
2836,1.74
2837,1.18
2838,1.08
2839,2.08
2840,2.00
2841,1.62
2842,1.27
2843,1.17
2844,1.46
2845,1.27
2846,1.20
2847,2.11
2848,1.14
2849,1.49
2850,1.71
2851,1.08
2852,1.68
2853,2.57
2854,1.81
2855,1.00
2856,0.87
2857,1.30
2858,1.13
2859,1.92
2860,1.28
2861,1.50
2862,1.92
2863,1.07
2864,1.78
2865,2.04
2866,1.18
2867,1.62
2868,1.94
2869,1.93
2870,2.20
2871,1.53
2872,2.02
2873,1.76
2874,1.80
2875,1.02
2876,1.39
2877,1.50
2878,1.26
2879,1.74
2880,1.58
2881,1.41
2882,1.14
2883,1.66
2884,1.20
2885,1.79
2886,1.93
2887,1.22
2888,1.73
2889,1.33
2890,1.04
2891,1.00
2892,1.17
2893,2.44
2894,1.27
2895,1.90
2896,2.26
2897,1.06
2898,0.89
2899,1.55
2900,1.27
2901,1.58
2902,1.33
2903,1.97
2904,1.19
2905,1.24
2906,1.18
2907,0.93
2908,1.97
2909,0.95
2910,1.61
2911,1.82
2912,1.14
2913,1.11
2914,1.96
2915,1.63
2916,1.33
2917,1.23
2918,1.08
2919,1.86
2920,0.76
2921,1.11
2922,1.00
2923,1.47
2924,1.82
2925,1.21
2926,1.58
2927,1.18
2928,0.77
2929,2.01
2930,0.96
2931,1.17
2932,1.07
2933,0.83
2934,1.50
2935,1.81
2936,0.81
2937,1.14
2938,1.62
2939,1.27
2940,1.43
2941,1.17
2942,1.67
2943,2.42
2944,1.38
2945,1.58
2946,1.31
2947,1.47
2948,1.46
2949,1.67
2950,0.89
2951,1.03
2952,1.17
2953,1.08
2954,0.99
2955,1.25
2956,1.53
2957,1.08
2958,1.58
2959,1.20
2960,1.08
2961,1.63
2962,1.38
2963,1.42
2964,1.01
2965,0.99
2966,0.64
2967,2.03
2968,1.35
2969,1.49
2970,1.52
2971,1.77
2972,1.34
2973,1.23
2974,1.23
2975,1.60
2976,1.18
2977,1.63
2978,1.60
2979,1.02
2980,1.59
2981,1.78
2982,1.13
2983,1.34
2984,1.63
2985,1.29
2986,1.82
2987,1.21
2988,1.64
2989,1.62
2990,1.89
2991,1.34
2992,1.41
2993,1.08
2994,1.64
2995,1.44
2996,0.58
2997,1.60
2998,1.82
2999,1.00
3000,1.24
3001,1.33
3002,1.50
3003,1.50
3004,1.80
3005,1.11
3006,1.07
3007,1.46
3008,1.80
3009,1.15
3010,1.64
3011,1.14
3012,0.77
3013,1.99
3014,1.60
3015,1.40
3016,1.10
3017,1.67
3018,1.80
3019,1.15
3020,0.97
3021,1.94
3022,1.17
3023,1.15
3024,2.15
3025,1.43
3026,2.59
3027,1.22
3028,0.92
3029,1.45
3030,1.32
3031,1.19
3032,1.26
3033,0.85
3034,1.12
3035,1.18
3036,1.97
3037,1.77
3038,1.73
3039,1.49
3040,1.56
3041,1.95
3042,2.35
3043,1.46
3044,2.11
3045,2.02
3046,1.23
3047,1.63
3048,1.42
3049,0.90
3050,0.96
3051,1.82
3052,1.04
3053,1.91
3054,1.63
3055,1.20
3056,1.46
3057,1.46
3058,1.54
3059,1.19
3060,1.11
3061,1.01
3062,1.44
3063,1.47
3064,1.73
3065,1.01
3066,1.21
3067,0.71
3068,2.26
3069,0.97
3070,2.10
3071,1.69
3072,1.60
3073,1.75
3074,1.11
3075,0.75
3076,1.48
3077,1.96
3078,2.17
3079,0.76
3080,1.01
3081,1.35
3082,0.73
3083,1.39
3084,1.50
3085,1.08
3086,1.46
3087,1.15
3088,1.05
3089,1.01
3090,0.89
3091,1.66
3092,1.05
3093,0.74
3094,1.34
3095,1.04
3096,0.98
3097,1.32
3098,1.34
3099,1.79
3100,1.11
3101,1.02
3102,1.60
3103,1.37
3104,1.16
3105,1.27
3106,1.89
3107,0.87
3108,1.40
3109,1.67
3110,1.37
3111,1.42
3112,1.45
3113,0.83
3114,1.64
3115,1.45
3116,1.40
3117,1.17
3118,0.85
3119,1.21
3120,1.79
3121,1.74
3122,1.47
3123,1.44
3124,1.37
3125,1.50
3126,1.02
3127,2.34
3128,2.54
3129,1.57
3130,1.49
3131,0.79
3132,1.29
3133,1.04
3134,1.48
3135,1.07
3136,1.27
3137,1.96
3138,1.47
3139,1.97
3140,1.44
3141,2.12
3142,0.76
3143,1.10
3144,1.41
3145,1.26
3146,1.85
3147,1.96
3148,1.21
3149,1.04
3150,1.11
3151,1.54
3152,0.98
3153,1.55
3154,1.00
3155,0.92
3156,1.28
3157,2.02
3158,1.00
3159,1.80
3160,1.37
3161,1.81
3162,1.17
3163,1.35
3164,1.93
3165,1.65
3166,1.20
3167,1.80
3168,1.70
3169,1.98
3170,1.05
3171,1.00
3172,1.54
3173,1.66
3174,0.82
3175,1.03
3176,1.47
3177,0.94
3178,1.55
3179,1.67
3180,0.89
3181,1.03
3182,1.92
3183,0.73
3184,1.52
3185,1.20
3186,1.01
3187,1.40
3188,1.81
3189,1.80
3190,1.49
3191,1.37
3192,1.54
3193,1.44
3194,1.53
3195,1.81
3196,1.54
3197,1.09
3198,1.31
3199,1.74
3200,2.20
3201,1.45
3202,0.77
3203,0.85
3204,1.10
3205,1.00
3206,0.89
3207,1.01
3208,1.14
3209,1.15
3210,1.10
3211,1.71
3212,1.05
3213,0.92
3214,1.24
3215,0.77
3216,0.96
3217,1.44
3218,1.21
3219,1.58
3220,1.83
3221,1.08
3222,1.18
3223,0.94
3224,1.70
3225,1.46
3226,0.78
3227,1.14
3228,1.62
3229,1.04
3230,1.90
3231,1.23
3232,0.70
3233,1.14
3234,1.68
3235,1.70
3236,1.96
3237,1.39
3238,1.77
3239,1.81
3240,1.73
3241,1.18
3242,1.94
3243,1.64
3244,0.97
3245,1.79
3246,1.02
3247,2.03
3248,1.17
3249,1.36
3250,1.59
3251,0.88
3252,1.44
3253,0.91
3254,1.58
3255,2.08
3256,0.74
3257,1.60
3258,1.35
3259,2.01
3260,1.62
3261,1.26
3262,1.19
3263,1.59
3264,2.35
3265,1.08
3266,2.23
3267,1.15
3268,0.73
3269,1.07
3270,2.14
3271,1.10
3272,1.40
3273,1.66
3274,1.81
3275,1.75
3276,1.56
3277,0.85
3278,1.19
3279,1.58
3280,1.91
3281,1.83
3282,1.58
3283,1.79
3284,1.11
3285,1.68
3286,1.17
3287,1.02
3288,1.05
3289,1.54
3290,2.66
3291,2.00
3292,1.33
3293,1.33
3294,1.07
3295,1.87
3296,1.23
3297,2.75
3298,1.67
3299,2.12
3300,2.14
3301,2.01
3302,1.58
3303,1.85
3304,1.34
3305,1.36
3306,1.06
3307,1.71
3308,1.04
3309,1.88
3310,1.39
3311,1.29
3312,1.16
3313,1.61
3314,1.75
3315,1.56
3316,1.43
3317,1.75
3318,1.21
3319,1.40
3320,1.09
3321,1.63
3322,1.04
3323,1.56
3324,1.45
3325,1.25
3326,1.70
3327,1.73
3328,1.95
3329,1.41
3330,1.52
3331,1.52
3332,1.78
3333,1.36
3334,2.05
3335,1.32
3336,0.94
3337,1.36
3338,1.68
3339,1.57
3340,1.62
3341,1.10
3342,1.43
3343,1.60
3344,1.08
3345,0.97
3346,1.15
3347,1.05
3348,1.36
3349,1.22
3350,1.57
3351,1.17
3352,1.70
3353,1.95
3354,1.87
3355,1.77
3356,0.96
3357,1.93
3358,1.41
3359,1.30
3360,1.72
3361,0.81
3362,1.11
3363,1.56
3364,1.18
3365,1.57
3366,1.14
3367,1.16
3368,1.76
3369,0.97
3370,1.67
3371,1.89
3372,1.89
3373,1.25
3374,2.09
3375,1.16
3376,1.85
3377,1.05
3378,1.56
3379,1.22
3380,1.70
3381,1.95
3382,1.68
3383,1.09
3384,1.11
3385,1.62
3386,1.32
3387,1.61
3388,1.16
3389,1.66
3390,1.87
3391,1.08
3392,1.80
3393,1.07
3394,1.09
3395,1.10
3396,0.99
3397,1.20
3398,1.59
3399,1.06
3400,1.82
3401,1.54
3402,1.82
3403,1.87
3404,1.17
3405,1.08
3406,0.94
3407,1.62
3408,1.84
3409,1.78
3410,1.13
3411,1.64
3412,1.43
3413,1.82
3414,1.31
3415,1.82
3416,1.03
3417,1.91
3418,1.48
3419,1.39
3420,1.12
3421,1.86
3422,1.30
3423,1.90
3424,1.77
3425,2.03
3426,1.72
3427,1.37
3428,1.82
3429,1.74
3430,1.29
3431,1.15
3432,1.37
3433,1.43
3434,0.99
3435,0.98
3436,1.97
3437,2.14
3438,1.74
3439,1.22
3440,1.00
3441,1.70
3442,1.09
3443,1.35
3444,0.93
3445,1.11
3446,0.98
3447,1.77
3448,1.17
3449,1.23
3450,0.85
3451,1.49
3452,1.62
3453,1.63
3454,1.17
3455,1.39
3456,1.34
3457,1.15
3458,1.17
3459,1.06
3460,1.46
3461,1.67
3462,1.72
3463,1.71
3464,1.23
3465,1.60
3466,0.91
3467,1.75
3468,1.43
3469,1.26
3470,1.43
3471,1.67
3472,1.12
3473,1.72
3474,2.00
3475,1.85
3476,1.65
3477,1.11
3478,1.62
3479,1.04
3480,1.91
3481,1.60
3482,0.79
3483,1.17
3484,2.02
3485,1.08
3486,1.33
3487,1.70
3488,1.48
3489,1.01
3490,0.94
3491,1.04
3492,1.70
3493,2.42
3494,1.27
3495,1.50
3496,1.43
3497,1.20
3498,0.71
3499,1.40
3500,1.84
3501,1.94
3502,1.52
3503,1.63
3504,1.40
3505,1.57
3506,1.15
3507,1.49
3508,1.73
3509,1.93
3510,1.19
3511,2.72
3512,1.85
3513,1.24
3514,1.51
3515,0.95
3516,1.07
3517,1.03
3518,1.91
3519,1.86
3520,1.69
3521,1.92
3522,1.78
3523,1.77
3524,1.48
3525,1.31
3526,1.00
3527,1.19
3528,1.74
3529,1.02
3530,1.96
3531,1.19
3532,1.11
3533,1.17
3534,1.38
3535,1.40
3536,1.57
3537,1.15
3538,1.08
3539,1.77
3540,0.91
3541,1.60
3542,1.40
3543,1.04
3544,1.33
3545,1.67
3546,1.57
3547,1.65
3548,0.94
3549,1.18
3550,1.32
3551,0.76
3552,1.37
3553,0.96
3554,1.19
3555,1.41
3556,1.88
3557,0.96
3558,0.80
3559,0.94
3560,1.74
3561,1.62
3562,1.14
3563,2.26
3564,1.05
3565,1.43
3566,1.80
3567,1.20
3568,0.97
3569,1.11
3570,1.59
3571,1.05
3572,1.16
3573,1.08
3574,1.65
3575,1.20
3576,1.62
3577,0.91
3578,1.18
3579,1.10
3580,1.83
3581,0.87
3582,1.82
3583,1.50
3584,1.28
3585,1.27
3586,1.20
3587,0.78
3588,1.73
3589,1.04
3590,1.14
3591,0.80
3592,1.42
3593,1.34
3594,1.12
3595,0.94
3596,1.59
3597,1.30
3598,1.23
3599,1.07
3600,1.00
3601,1.65
3602,1.07
3603,1.57
3604,1.54
3605,0.78
3606,1.79
3607,1.86
3608,1.38
3609,0.88
3610,1.07
3611,2.02
3612,1.08
3613,1.15
3614,1.75
3615,1.10
3616,0.80
3617,2.07
3618,1.23
3619,1.43
3620,1.65
3621,2.15
3622,1.50
3623,1.19
3624,1.40
3625,1.05
3626,1.25
3627,1.14
3628,1.52
3629,1.38
3630,1.08
3631,1.42
3632,1.38
3633,1.06
3634,1.20
3635,1.50
3636,1.57
3637,1.01
3638,1.53
3639,1.42
3640,1.27
3641,1.69
3642,1.70
3643,1.36
3644,1.46
3645,1.54
3646,1.08
3647,1.63
3648,1.73
3649,1.30
3650,1.74
3651,1.49
3652,1.38
3653,1.04
3654,1.55
3655,1.96
3656,1.60
3657,1.54
3658,1.49
3659,1.40
3660,1.24
3661,1.18
3662,0.99
3663,1.93
3664,1.06
3665,1.46
3666,1.99
3667,0.79
3668,1.70
3669,1.11
3670,1.23
3671,1.06
3672,1.52
3673,1.88
3674,1.89
3675,1.14
3676,1.58
3677,1.35
3678,2.28
3679,2.46
3680,1.12
3681,2.63
3682,1.50
3683,1.01
3684,1.17
3685,1.82
3686,1.04
3687,1.54
3688,0.80
3689,1.54
3690,1.40
3691,1.02
3692,1.31
3693,1.39
3694,1.44
3695,1.21
3696,1.45
3697,1.71
3698,1.27
3699,1.38
3700,1.09
3701,1.80
3702,1.24
3703,1.20
3704,0.90
3705,1.48
3706,0.97
3707,1.06
3708,1.80
3709,1.29
3710,2.01
3711,1.61
3712,1.57
3713,1.81
3714,1.75
3715,0.86
3716,1.58
3717,1.09
3718,1.75
3719,1.52
3720,1.17
3721,2.07
3722,0.70
3723,1.54
3724,1.53
3725,1.48
3726,1.67
3727,0.75
3728,1.01
3729,1.27
3730,0.97
3731,0.80
3732,1.99
3733,1.07
3734,1.06
3735,1.40
3736,1.00
3737,1.10
3738,0.95
3739,1.22
3740,0.98
3741,1.91
3742,0.84
3743,1.50
3744,0.85
3745,1.83
3746,1.41
3747,1.64
3748,1.24
3749,1.10
3750,1.55
3751,1.74
3752,1.41
3753,1.49
3754,2.03
3755,1.04
3756,1.16
3757,1.82
3758,0.91
3759,1.03
3760,1.14
3761,1.48
3762,1.38
3763,1.66
3764,1.48
3765,0.94
3766,1.29
3767,1.08
3768,1.77
3769,2.04
3770,1.69
3771,1.05
3772,1.09
3773,1.37
3774,1.62
3775,2.20
3776,2.06
3777,1.19
3778,1.32
3779,1.01
3780,1.13
3781,1.28
3782,1.10
3783,1.49
3784,1.43
3785,1.74
3786,1.04
3787,2.01
3788,1.02
3789,1.39
3790,1.54
3791,1.13
3792,1.14
3793,2.11
3794,1.86
3795,1.38
3796,1.06
3797,1.49
3798,2.06
3799,1.61
3800,2.39
3801,1.78
3802,1.10
3803,1.03
3804,1.66
3805,1.02
3806,1.19
3807,1.09
3808,1.12
3809,1.11
3810,0.75
3811,1.44
3812,1.47
3813,1.15
3814,1.58
3815,1.45
3816,1.07
3817,2.22
3818,1.20
3819,1.54
3820,1.83
3821,1.38
3822,1.07
3823,1.59
3824,1.13
3825,2.72
3826,0.86
3827,0.97
3828,1.62
3829,1.19
3830,1.56
3831,1.51
3832,1.39
3833,1.16
3834,1.29
3835,1.55
3836,1.04
3837,1.04
3838,1.31
3839,0.86
3840,1.24
3841,1.80
3842,1.64
3843,0.73
3844,1.66
3845,1.21
3846,1.33
3847,1.97
3848,1.44
3849,1.20
3850,1.26
3851,1.37
3852,1.20
3853,1.61
3854,2.00
3855,0.86
3856,1.57
3857,1.15
3858,1.64
3859,2.04
3860,1.36
3861,0.98
3862,1.87
3863,1.16
3864,1.14
3865,1.43
3866,1.31
3867,2.01
3868,1.74
3869,1.75
3870,1.40
3871,1.45
3872,1.50
3873,1.10
3874,1.33
3875,1.49
3876,0.76
3877,2.23
3878,2.02
3879,1.14
3880,1.33
3881,1.43
3882,1.10
3883,1.37
3884,1.88
3885,1.66
3886,1.15
3887,1.88
3888,0.65
3889,1.36
3890,1.61
3891,2.23
3892,1.43
3893,1.21
3894,1.13
3895,2.29
3896,0.87
3897,1.68
3898,1.46
3899,1.80
3900,1.30
3901,1.16
3902,1.73
3903,1.53
3904,1.57
3905,0.74
3906,1.46
3907,1.41
3908,1.94
3909,1.55
3910,1.15
3911,1.40
3912,1.43
3913,1.38
3914,1.46
3915,1.79
3916,1.21
3917,1.89
3918,1.91
3919,1.48
3920,1.02
3921,1.54
3922,0.73
3923,1.95
3924,1.34
3925,1.06
3926,1.03
3927,1.94
3928,1.10
3929,1.57
3930,1.39
3931,1.61
3932,1.55
3933,1.48
3934,2.61
3935,1.21
3936,1.74
3937,1.07
3938,1.63
3939,1.49
3940,1.36
3941,1.62
3942,1.59
3943,1.28
3944,1.26
3945,1.18
3946,1.25
3947,1.13
3948,2.02
3949,1.57
3950,1.08
3951,1.51
3952,1.09
3953,1.32
3954,1.92
3955,1.05
3956,1.03
3957,1.10
3958,1.69
3959,1.19
3960,1.61
3961,1.45
3962,0.70
3963,2.36
3964,1.76
3965,1.70
3966,1.60
3967,1.44
3968,1.03
3969,1.44
3970,1.42
3971,1.59
3972,1.16
3973,1.02
3974,1.29
3975,2.31
3976,1.19
3977,1.06
3978,1.66
3979,1.82
3980,1.68
3981,1.88
3982,1.49
3983,1.40
3984,1.34
3985,1.08
3986,0.99
3987,1.84
3988,1.11
3989,1.13
3990,1.61
3991,1.42
3992,1.42
3993,1.10
3994,1.64
3995,1.40
3996,1.28
3997,2.24
3998,1.61
3999,1.45
4000,0.85
4001,1.63
4002,1.52
4003,1.18
4004,1.19
4005,1.48
4006,0.83
4007,2.12
4008,1.15
4009,1.79
4010,1.79
4011,1.45
4012,1.37
4013,1.31
4014,0.86
4015,1.42
4016,1.19
4017,1.58
4018,0.97
4019,1.46
4020,1.03
4021,1.65
4022,0.74
4023,1.81
4024,1.12
4025,1.28
4026,1.37
4027,1.39
4028,1.78
4029,1.15
4030,1.15
4031,2.08
4032,1.44
4033,1.58
4034,1.88
4035,1.41
4036,0.87
4037,1.66
4038,1.60
4039,1.63
4040,1.63
4041,1.90
4042,1.16
4043,1.57
4044,1.34
4045,1.56
4046,1.45
4047,0.88
4048,1.15
4049,1.08
4050,2.22
4051,1.33
4052,1.48
4053,0.68
4054,1.49
4055,2.06
4056,1.79
4057,0.97
4058,1.76
4059,1.58
4060,1.44
4061,1.75
4062,1.02
4063,1.44
4064,1.39
4065,1.65
4066,1.85
4067,0.97
4068,1.00
4069,1.14
4070,1.29
4071,1.08
4072,1.04
4073,1.79
4074,1.34
4075,1.09
4076,0.97
4077,1.46
4078,1.59
4079,1.76
4080,1.54
4081,1.84
4082,1.19
4083,1.78
4084,1.74
4085,1.56
4086,1.28
4087,1.50
4088,1.14
4089,0.94
4090,0.96
4091,1.06
4092,1.82
4093,1.73
4094,1.48
4095,1.38
4096,1.27
4097,1.45
4098,1.71
4099,1.62
4100,1.20
4101,1.34
4102,1.31
4103,1.33
4104,1.37
4105,1.73
4106,1.62
4107,1.45
4108,1.31
4109,1.56
4110,1.66
4111,1.29
4112,1.03
4113,1.08
4114,1.05
4115,1.96
4116,1.85
4117,1.28
4118,1.68
4119,0.75
4120,0.96
4121,1.06
4122,2.42
4123,1.49
4124,0.90
4125,1.22
4126,1.17
4127,1.73
4128,1.11
4129,1.43
4130,1.60
4131,1.05
4132,1.66
4133,1.13
4134,1.37
4135,1.41
4136,1.03
4137,1.75
4138,1.37
4139,1.15
4140,1.74
4141,2.05
4142,1.22
4143,1.97
4144,1.92
4145,1.73
4146,1.09
4147,1.12
4148,1.38
4149,1.45
4150,1.52
4151,1.35
4152,1.36
4153,2.38
4154,0.84
4155,2.39
4156,1.52
4157,1.13
4158,1.63
4159,1.17
4160,0.63
4161,1.55
4162,0.89
4163,1.95
4164,1.47
4165,1.66
4166,1.20
4167,1.89
4168,1.19
4169,1.60
4170,1.32
4171,2.06
4172,1.13
4173,1.10
4174,1.28
4175,0.99
4176,0.90
4177,0.98
4178,1.67
4179,1.62
4180,1.61
4181,1.56
4182,1.57
4183,1.00
4184,2.03
4185,2.01
4186,1.63
4187,0.85
4188,1.21
4189,1.50
4190,0.98
4191,2.02
4192,2.26
4193,1.52
4194,1.45
4195,1.71
4196,0.98
4197,1.31
4198,1.50
4199,1.16
4200,1.00
4201,1.17
4202,0.89
4203,1.37
4204,0.97
4205,1.54
4206,1.91
4207,1.43
4208,1.85
4209,1.98
4210,1.19
4211,0.93
4212,1.10
4213,1.40
4214,1.54
4215,1.85
4216,0.75
4217,2.13
4218,1.62
4219,1.53
4220,1.28
4221,1.59
4222,1.16
4223,1.14
4224,1.14
4225,1.23
4226,0.94
4227,1.53
4228,1.49
4229,1.98
4230,1.06
4231,1.81
4232,1.54
4233,1.11
4234,1.15
4235,1.32
4236,1.58
4237,1.91
4238,1.52
4239,1.77
4240,1.15
4241,1.61
4242,1.08
4243,1.84
4244,1.70
4245,1.72
4246,1.33
4247,1.06
4248,1.75
4249,1.07
4250,1.31
4251,1.88
4252,2.51
4253,0.82
4254,1.19
4255,1.97
4256,1.58
4257,1.11
4258,1.12
4259,1.60
4260,1.42
4261,1.48
4262,1.51
4263,1.22
4264,0.88
4265,1.29
4266,1.63
4267,1.44
4268,1.44
4269,1.52
4270,1.74
4271,1.16
4272,1.41
4273,1.50
4274,1.22
4275,1.54
4276,1.95
4277,1.81
4278,1.00
4279,1.18
4280,1.60
4281,1.56
4282,0.91
4283,1.74
4284,1.32
4285,1.15
4286,1.47
4287,1.07
4288,1.37
4289,1.21
4290,1.41
4291,1.31
4292,1.16
4293,2.04
4294,1.77
4295,1.54
4296,1.46
4297,1.02
4298,0.76
4299,1.36
4300,1.10
4301,1.04
4302,0.85
4303,0.98
4304,2.04
4305,1.59
4306,1.60
4307,1.66
4308,1.47
4309,0.75
4310,1.24
4311,1.29
4312,1.41
4313,1.61
4314,1.33
4315,1.36
4316,1.08
4317,1.98
4318,0.73
4319,1.21
4320,1.57
4321,1.47
4322,1.14
4323,1.28
4324,1.79
4325,1.55
4326,1.85
4327,1.03
4328,1.72
4329,1.77
4330,1.59
4331,1.64
4332,1.45
4333,1.63
4334,0.75
4335,1.39
4336,2.53
4337,1.59
4338,1.47
4339,1.53
4340,1.06
4341,1.23
4342,1.46
4343,1.13
4344,1.84
4345,1.34
4346,0.86
4347,1.70
4348,1.45
4349,1.59
4350,1.06
4351,1.07
4352,2.40
4353,1.54
4354,1.39
4355,0.98
4356,1.19
4357,1.10
4358,1.68
4359,1.71
4360,1.44
4361,1.59
4362,1.11
4363,1.72
4364,0.83
4365,1.16
4366,1.10
4367,0.96
4368,1.82
4369,1.39
4370,2.12
4371,1.06
4372,1.43
4373,1.74
4374,1.25
4375,1.12
4376,1.38
4377,1.66
4378,1.45
4379,1.27
4380,1.25
4381,1.71
4382,1.17
4383,0.90
4384,1.04
4385,1.47
4386,1.01
4387,1.18
4388,1.13
4389,0.95
4390,1.52
4391,1.02
4392,1.59
4393,1.21
4394,0.75
4395,1.17
4396,1.94
4397,0.77
4398,1.05
4399,0.96
4400,1.74
4401,1.25
4402,1.29
4403,2.27
4404,1.38
4405,1.31
4406,2.01
4407,1.76
4408,1.07
4409,1.33
4410,1.67
4411,1.10
4412,1.50
4413,1.89
4414,1.11
4415,1.39
4416,1.19
4417,1.24
4418,1.25
4419,1.26
4420,1.16
4421,1.05
4422,1.40
4423,1.43
4424,1.61
4425,0.99
4426,1.44
4427,1.31
4428,1.20
4429,1.04
4430,0.75
4431,1.75
4432,1.39
4433,1.61
4434,1.59
4435,1.01
4436,1.54
4437,1.61
4438,1.54
4439,2.00
4440,1.17
4441,1.60
4442,1.61
4443,1.76
4444,1.02
4445,1.17
4446,0.83
4447,1.62
4448,1.48
4449,1.46
4450,1.79
4451,1.62
4452,2.17
4453,1.33
4454,1.70
4455,1.49
4456,1.33
4457,1.27
4458,2.10
4459,2.15
4460,1.83
4461,1.26
4462,1.08
4463,1.36
4464,1.67
4465,1.54
4466,1.88
4467,1.24
4468,1.56
4469,1.70
4470,2.23
4471,1.08
4472,1.80
4473,2.14
4474,2.03
4475,1.08
4476,1.48
4477,1.07
4478,1.76
4479,1.28
4480,1.50
4481,1.62
4482,1.10
4483,1.38
4484,1.18
4485,2.01
4486,1.94
4487,1.84
4488,1.22
4489,0.98
4490,1.27
4491,2.11
4492,1.30
4493,1.87
4494,1.44
4495,1.41
4496,1.52
4497,1.73
4498,1.44
4499,1.58
4500,1.67
4501,1.10
4502,1.36
4503,1.44
4504,0.97
4505,1.60
4506,0.96
4507,0.98
4508,0.73
4509,1.01
4510,1.07
4511,1.05
4512,1.85
4513,1.80
4514,1.10
4515,1.25
4516,0.54
4517,0.73
4518,1.75
4519,1.24
4520,1.80
4521,1.16
4522,1.56
4523,1.03
4524,1.38
4525,1.30
4526,1.09
4527,0.90
4528,1.24
4529,1.47
4530,1.54
4531,2.05
4532,1.34
4533,0.79
4534,1.58
4535,1.95
4536,1.57
4537,1.65
4538,1.89
4539,1.12
4540,0.88
4541,1.50
4542,1.22
4543,1.03
4544,1.05
4545,1.85
4546,1.62
4547,1.26
4548,1.42
4549,1.27
4550,2.26
4551,1.56
4552,0.74
4553,1.38
4554,1.14
4555,1.09
4556,1.60
4557,1.31
4558,1.48
4559,1.15
4560,1.16
4561,1.06
4562,1.61
4563,1.16
4564,1.07
4565,1.01
4566,0.90
4567,1.18
4568,1.17
4569,1.72
4570,1.51
4571,1.73
4572,1.78
4573,0.81
4574,1.80
4575,1.18
4576,1.19
4577,1.32
4578,1.08
4579,1.35
4580,0.79
4581,1.60
4582,1.47
4583,1.64
4584,1.33
4585,1.38
4586,0.66
4587,1.05
4588,1.25
4589,0.98
4590,1.34
4591,0.92
4592,1.51
4593,1.56
4594,0.93
4595,1.53
4596,1.10
4597,1.44
4598,1.07
4599,1.45
4600,2.00
4601,1.58
4602,1.51
4603,1.17
4604,1.73
4605,1.59
4606,1.69
4607,1.48
4608,1.02
4609,1.20
4610,1.68
4611,1.22
4612,1.22
4613,2.06
4614,0.85
4615,1.46
4616,1.50
4617,1.42
4618,1.07
4619,1.59
4620,1.40
4621,0.98
4622,1.53
4623,1.32
4624,1.54
4625,1.83
4626,1.95
4627,1.46
4628,1.10
4629,0.98
4630,1.44
4631,0.84
4632,1.13
4633,0.97
4634,1.76
4635,0.97
4636,1.00
4637,1.43
4638,1.35
4639,1.39
4640,1.85
4641,1.26
4642,1.75
4643,1.01
4644,0.91
4645,1.08
4646,1.57
4647,2.20
4648,1.00
4649,1.87
4650,1.08
4651,1.29
4652,1.00
4653,1.67
4654,1.67
4655,0.99
4656,1.06
4657,1.27
4658,0.94
4659,1.86
4660,1.29
4661,1.95
4662,0.60
4663,2.07
4664,1.40
4665,2.14
4666,1.06
4667,1.72
4668,1.62
4669,0.58
4670,1.56
4671,1.47
4672,1.73
4673,0.89
4674,2.03
4675,1.91
4676,1.06
4677,1.01
4678,1.14
4679,0.85
4680,1.27
4681,1.70
4682,1.22
4683,1.06
4684,1.51
4685,1.75
4686,1.81
4687,1.05
4688,0.88
4689,1.92
4690,1.96
4691,1.24
4692,0.82
4693,1.59
4694,1.94
4695,1.67
4696,1.30
4697,1.20
4698,0.87
4699,1.20
4700,1.77
4701,0.88
4702,1.03
4703,1.19
4704,1.29
4705,2.00
4706,1.32
4707,0.82
4708,1.17
4709,1.59
4710,1.24
4711,1.87
4712,1.48
4713,1.16
4714,2.07
4715,1.81
4716,1.47
4717,1.24
4718,1.97
4719,1.15
4720,1.83
4721,1.69
4722,1.65
4723,0.86
4724,1.72
4725,1.89
4726,1.33
4727,1.56
4728,1.53
4729,2.10
4730,1.17
4731,1.67
4732,1.10
4733,1.31
4734,1.67
4735,1.07
4736,1.04
4737,0.94
4738,1.67
4739,1.05
4740,1.57
4741,2.04
4742,1.37
4743,1.86
4744,1.93
4745,1.41
4746,1.60
4747,1.28
4748,1.05
4749,1.87
4750,1.86
4751,1.71
4752,1.66
4753,1.37
4754,1.39
4755,1.70
4756,1.19
4757,1.10
4758,1.62
4759,1.60
4760,0.87
4761,0.76
4762,1.45
4763,1.62
4764,1.30
4765,1.47
4766,1.61
4767,1.03
4768,1.81
4769,1.43
4770,1.35
4771,1.16
4772,1.19
4773,1.15
4774,0.81
4775,1.41
4776,0.72
4777,1.35
4778,1.01
4779,1.81
4780,1.01
4781,1.74
4782,0.89
4783,1.63
4784,0.98
4785,1.24
4786,1.82
4787,1.68
4788,1.66
4789,1.10
4790,1.88
4791,1.05
4792,0.98
4793,1.57
4794,1.49
4795,1.09
4796,1.78
4797,1.97
4798,1.92
4799,1.78
4800,1.34
4801,1.09
4802,1.74
4803,1.41
4804,1.05
4805,1.22
4806,1.69
4807,1.04
4808,1.13
4809,1.53
4810,1.62
4811,1.53
4812,1.08
4813,2.54
4814,1.06
4815,0.79
4816,1.07
4817,1.59
4818,1.72
4819,1.70
4820,0.98
4821,1.14
4822,1.00
4823,1.46
4824,1.48
4825,0.99
4826,2.24
4827,1.36
4828,1.18
4829,1.30
4830,1.19
4831,1.00
4832,1.29
4833,1.56
4834,1.22
4835,1.21
4836,1.87
4837,1.36
4838,1.28
4839,1.87
4840,1.56
4841,1.72
4842,1.52
4843,1.83
4844,1.03
4845,1.20
4846,1.45
4847,0.92
4848,1.94
4849,2.18
4850,1.38
4851,1.58
4852,0.92
4853,1.01
4854,1.79
4855,2.72
4856,1.11
4857,1.70
4858,1.66
4859,1.62
4860,1.23
4861,2.20
4862,0.83
4863,1.00
4864,1.27
4865,2.23
4866,2.02
4867,1.10
4868,2.21
4869,1.43
4870,1.12
4871,1.07
4872,0.77
4873,1.90
4874,1.25
4875,1.60
4876,1.81
4877,2.57
4878,0.97
4879,0.83
4880,1.01
4881,0.93
4882,1.33
4883,1.02
4884,1.76
4885,1.83
4886,1.27
4887,1.17
4888,1.64
4889,0.78
4890,1.11
4891,1.47
4892,1.25
4893,1.08
4894,0.75
4895,1.54
4896,1.36
4897,1.03
4898,0.94
4899,0.76
4900,1.54
4901,1.10
4902,1.86
4903,0.84
4904,1.06
4905,1.62
4906,1.65
4907,1.03
4908,1.92
4909,1.60
4910,1.65
4911,1.24
4912,1.50
4913,0.97
4914,0.87
4915,1.00
4916,1.12
4917,1.46
4918,1.64
4919,1.23
4920,1.71
4921,1.56
4922,1.58
4923,1.34
4924,1.50
4925,1.24
4926,1.20
4927,0.75
4928,1.70
4929,1.86
4930,1.00
4931,1.52
4932,0.95
4933,1.03
4934,1.91
4935,1.45
4936,1.77
4937,2.02
4938,1.27
4939,2.01
4940,1.65
4941,1.00
4942,1.21
4943,0.97
4944,1.31
4945,1.21
4946,1.64
4947,1.81
4948,1.42
4949,1.94
4950,2.17
4951,0.91
4952,1.32
4953,1.24
4954,1.76
4955,0.75
4956,1.81
4957,1.89
4958,1.43
4959,1.59
4960,2.05
4961,2.08
4962,1.33
4963,1.75
4964,1.24
4965,1.02
4966,1.46
4967,1.12
4968,0.95
4969,0.81
4970,1.40
4971,1.07
4972,2.28
4973,1.75
4974,2.13
4975,1.38
4976,1.05
4977,1.36
4978,1.27
4979,0.98
4980,1.41
4981,1.57
4982,1.54
4983,1.30
4984,1.22
4985,1.01
4986,0.96
4987,1.97
4988,2.01
4989,2.00
4990,1.73
4991,1.78
4992,1.87
4993,1.92
4994,1.34
4995,0.79
4996,0.81
4997,2.08
4998,1.94
4999,1.78
5000,1.55
5001,1.18
5002,1.57
5003,1.86
5004,1.79
5005,1.64
5006,1.76
5007,1.67
5008,1.54
5009,1.10
5010,1.34
5011,1.18
5012,1.02
5013,1.12
5014,1.01
5015,1.78
5016,1.41
5017,1.06
5018,0.80
5019,1.14
5020,1.33
5021,1.32
5022,1.41
5023,1.57
5024,1.30
5025,1.20
5026,1.08
5027,1.62
5028,1.67
5029,1.46
5030,1.66
5031,1.96
5032,1.32
5033,0.98
5034,1.45
5035,2.24
5036,1.53
5037,1.15
5038,1.19
5039,1.10
5040,1.07
5041,1.27
5042,1.56
5043,1.26
5044,1.24
5045,1.16
5046,1.98
5047,1.72
5048,1.56
5049,1.68
5050,1.12
5051,1.13
5052,1.55
5053,1.28
5054,1.13
5055,1.56
5056,1.54
5057,1.92
5058,1.64
5059,1.19
5060,1.20
5061,1.25
5062,1.87
5063,1.03
5064,1.36
5065,1.22
5066,1.55
5067,1.07
5068,1.25
5069,1.42
5070,1.53
5071,1.00
5072,1.35
5073,0.84
5074,0.97
5075,1.82
5076,2.04
5077,1.38
5078,1.64
5079,1.57
5080,1.26
5081,1.61
5082,1.56
5083,0.90
5084,1.27
5085,1.71
5086,1.04
5087,0.87
5088,1.71
5089,1.13
5090,2.30
5091,0.81
5092,1.31
5093,1.03
5094,1.76
5095,1.58
5096,1.50
5097,1.25
5098,1.82
5099,0.86
5100,1.01
5101,1.49
5102,1.15
5103,1.67
5104,1.86
5105,1.14
5106,1.53
5107,1.56
5108,1.31
5109,1.30
5110,1.52
5111,1.96
5112,1.67
5113,1.06
5114,1.37
5115,1.03
5116,1.69
5117,1.80
5118,1.14
5119,1.93
5120,0.85
5121,1.49
5122,1.28
5123,1.05
5124,1.32
5125,0.98
5126,2.08
5127,1.37
5128,1.83
5129,1.32
5130,0.75
5131,0.97
5132,1.71
5133,1.91
5134,1.72
5135,1.80
5136,1.63
5137,1.25
5138,1.80
5139,0.99
5140,1.16
5141,1.51
5142,0.81
5143,1.14
5144,1.56
5145,1.92
5146,0.89
5147,1.46
5148,0.58
5149,1.33
5150,1.70
5151,1.59
5152,1.34
5153,1.82
5154,0.98
5155,1.05
5156,1.54
5157,1.50
5158,1.49
5159,0.94
5160,1.39
5161,0.99
5162,1.55
5163,1.34
5164,1.83
5165,1.04
5166,1.10
5167,1.66
5168,1.60
5169,1.79
5170,2.04
5171,1.04
5172,1.01
5173,1.93
5174,1.02
5175,0.78
5176,1.30
5177,1.45
5178,1.65
5179,1.59
5180,1.59
5181,1.72
5182,1.22
5183,1.04
5184,1.45
5185,2.14
5186,2.54
5187,0.86
5188,1.07
5189,1.69
5190,1.46
5191,1.61
5192,0.88
5193,1.18
5194,1.28
5195,1.65
5196,0.83
5197,2.04
5198,1.01
5199,1.60
5200,1.99
5201,1.10
5202,1.72
5203,1.36
5204,0.99
5205,1.06
5206,1.24
5207,1.76
5208,1.47
5209,1.24
5210,1.55
5211,2.15
5212,1.94
5213,1.47
5214,0.64
5215,1.38
5216,1.39
5217,1.86
5218,1.02
5219,0.93
5220,2.04
5221,1.17
5222,2.16
5223,1.87
5224,1.33
5225,1.37
5226,1.38
5227,1.39
5228,1.66
5229,1.35
5230,1.16
5231,1.53
5232,1.67
5233,2.16
5234,0.93
5235,1.01
5236,1.09
5237,1.35
5238,1.68
5239,1.55
5240,1.17
5241,1.62
5242,1.80
5243,1.64
5244,2.04
5245,1.59
5246,2.31
5247,2.17
5248,1.57
5249,1.05
5250,1.45
5251,1.81
5252,0.92
5253,1.23
5254,2.30
5255,1.93
5256,1.59
5257,1.63
5258,0.87
5259,2.19
5260,1.66
5261,1.42
5262,1.16
5263,0.97
5264,2.25
5265,1.51
5266,1.25
5267,1.19
5268,2.23
5269,1.11
5270,1.17
5271,1.31
5272,1.37
5273,0.72
5274,1.11
5275,1.10
5276,1.41
5277,1.04
5278,1.44
5279,1.01
5280,1.22
5281,0.93
5282,1.27
5283,1.97
5284,1.86
5285,1.33
5286,2.23
5287,1.13
5288,1.00
5289,1.40
5290,1.02
5291,1.47
5292,0.83
5293,0.81
5294,1.02
5295,1.21
5296,1.18
5297,2.19
5298,1.63
5299,1.55
5300,1.65
5301,1.51
5302,1.40
5303,1.64
5304,0.72
5305,2.17
5306,1.71
5307,1.12
5308,1.12
5309,1.45
5310,1.56
5311,1.10
5312,1.12
5313,1.29
5314,1.53
5315,1.00
5316,1.42
5317,1.47
5318,1.89
5319,2.00
5320,1.87
5321,0.88
5322,1.56
5323,1.02
5324,2.01
5325,1.23
5326,0.88
5327,1.17
5328,0.96
5329,1.55
5330,1.66
5331,1.21
5332,1.21
5333,1.83
5334,1.34
5335,1.36
5336,1.04
5337,1.43
5338,1.58
5339,0.86
5340,1.12
5341,1.24
5342,1.10
5343,0.96
5344,2.01
5345,1.67
5346,1.39
5347,1.33
5348,1.17
5349,0.74
5350,1.20
5351,1.35
5352,1.63
5353,1.61
5354,1.70
5355,1.70
5356,1.19
5357,1.04
5358,1.60
5359,2.07
5360,0.96
5361,1.36
5362,2.15
5363,1.03
5364,1.13
5365,1.55
5366,1.06
5367,1.53
5368,1.09
5369,1.06
5370,1.29
5371,1.62
5372,1.34
5373,1.71
5374,1.63
5375,0.93
5376,1.13
5377,1.45
5378,1.20
5379,1.48
5380,1.55
5381,0.94
5382,1.21
5383,1.11
5384,1.46
5385,1.55
5386,1.51
5387,1.10
5388,1.38
5389,1.03
5390,1.25
5391,1.99
5392,1.72
5393,1.64
5394,1.26
5395,1.83
5396,1.56
5397,1.64
5398,1.29
5399,1.46
5400,1.40
5401,1.95
5402,1.80
5403,1.71
5404,1.98
5405,1.02
5406,1.36
5407,1.63
5408,1.51
5409,2.48
5410,1.67
5411,1.24
5412,1.47
5413,1.25
5414,1.43
5415,1.49
5416,1.67
5417,1.24
5418,0.80
5419,1.16
5420,1.82
5421,0.97
5422,1.13
5423,1.66
5424,0.77
5425,1.61
5426,1.00
5427,1.99
5428,1.40
5429,2.35
5430,2.62
5431,1.37
5432,1.17
5433,0.94
5434,0.74
5435,0.99
5436,1.63
5437,1.13
5438,1.61
5439,1.21
5440,1.23
5441,1.43
5442,0.77
5443,1.22
5444,1.07
5445,1.11
5446,1.63
5447,1.43
5448,1.01
5449,1.11
5450,1.03
5451,1.77
5452,1.12
5453,1.65
5454,1.53
5455,1.12
5456,1.47
5457,1.20
5458,0.95
5459,0.77
5460,1.13
5461,1.07
5462,0.82
5463,1.51
5464,1.47
5465,1.20
5466,1.78
5467,1.37
5468,1.17
5469,1.77
5470,1.80
5471,1.44
5472,1.46
5473,1.81
5474,1.59
